id,first_name,last_name,email,gender,ip_address
1,William,Coggeshall,wcoggeshall0@blog.com,Male,167.82.22.28
2,Mignonne,Farriar,mfarriar1@bbc.co.uk,Female,128.97.67.62
3,Berri,Peterson,bpeterson2@naver.com,Female,255.95.29.140
4,Hermione,Dixey,hdixey3@simplemachines.org,Female,112.171.89.94
5,Jehu,Whitefoot,jwhitefoot4@amazon.co.uk,Male,137.51.201.107
6,Deane,Blackwood,dblackwood5@businessweek.com,Male,94.137.53.119
7,Willette,Tincknell,wtincknell6@parallels.com,Female,35.69.20.130
8,Deane,Drinkwater,ddrinkwater7@ihg.com,Male,29.195.241.235
9,Natalee,Sly,nsly8@ft.com,Female,232.254.95.136
10,Leontine,Goathrop,lgoathrop9@netscape.com,Female,178.162.86.204
11,Cecile,Schiersch,cschierscha@dailymail.co.uk,Female,15.0.188.155
12,Marissa,Twell,mtwellb@vimeo.com,Female,179.78.253.207
13,Buckie,Clayfield,bclayfieldc@youku.com,Male,43.214.47.77
14,Stefano,Seppey,sseppeyd@webnode.com,Male,146.96.97.248
15,Wendel,Tessyman,wtessymane@creativecommons.org,Male,234.230.180.181
16,Etan,Treves,etrevesf@wikipedia.org,Male,2.137.94.7
17,Marcus,Fotheringham,mfotheringhamg@51.la,Male,14.215.84.102
18,Dwain,Cuerdall,dcuerdallh@flickr.com,Male,81.129.82.129
19,Alastair,Clausius,aclausiusi@biblegateway.com,Male,206.36.13.38
20,Winny,Dagworthy,wdagworthyj@xing.com,Female,146.6.131.144
21,Joann,Innwood,jinnwoodk@biblegateway.com,Female,168.231.83.242
22,Any,Pickford,apickfordl@homestead.com,Male,37.53.158.12
23,Cacilia,Skocroft,cskocroftm@4shared.com,Female,104.135.143.179
24,Donnajean,Mathiot,dmathiotn@disqus.com,Female,255.185.222.38
25,Latrena,Harbison,lharbisono@phpbb.com,Female,178.193.153.126
26,Patti,O' Liddy,poliddyp@cisco.com,Female,157.48.242.239
27,Nelson,De-Ville,ndevilleq@ca.gov,Male,146.107.26.133
28,Kerr,Duligall,kduligallr@buzzfeed.com,Male,142.190.21.20
29,Tyrone,Heinzel,theinzels@ibm.com,Male,92.178.64.107
30,Ignacio,Dowber,idowbert@nbcnews.com,Male,169.130.160.102
31,Sterne,Knolles-Green,sknollesgreenu@symantec.com,Male,121.134.96.43
32,Ericha,Jossum,ejossumv@tripadvisor.com,Female,129.252.230.223
33,Emelyne,Hugett,ehugettw@google.ca,Female,197.181.56.6
34,Iver,Bultitude,ibultitudex@weebly.com,Male,252.180.40.226
35,Lurlene,Herety,lheretyy@state.gov,Female,154.148.239.240
36,Augustine,Romagnosi,aromagnosiz@wikia.com,Male,7.25.122.44
37,Tanner,Havock,thavock10@privacy.gov.au,Male,235.213.183.117
38,Allis,Alliban,aalliban11@archive.org,Female,212.107.82.49
39,Curtis,Walaron,cwalaron12@toplist.cz,Male,254.236.167.87
40,Aldis,Sea,asea13@youtu.be,Male,8.173.185.179
41,Abby,Stanwix,astanwix14@yolasite.com,Male,136.110.194.24
42,Janey,Brearty,jbrearty15@dell.com,Female,211.27.222.232
43,Ibbie,MacEveley,imaceveley16@prnewswire.com,Female,119.214.203.1
44,Yevette,Reddoch,yreddoch17@theglobeandmail.com,Female,166.138.27.230
45,Burt,Veracruysse,bveracruysse18@bing.com,Male,174.1.37.250
46,Tommy,Bernaert,tbernaert19@shareasale.com,Female,173.220.67.136
47,Marcel,Shovelbottom,mshovelbottom1a@sitemeter.com,Male,169.187.233.247
48,John,Statham,jstatham1b@indiatimes.com,Male,124.25.134.47
49,Jaquelyn,Prydie,jprydie1c@a8.net,Female,176.191.55.8
50,Evin,Priest,epriest1d@ted.com,Male,193.134.46.170
51,Frankie,Prue,fprue1e@vinaora.com,Female,252.176.172.50
52,Bradly,Scotti,bscotti1f@blogger.com,Male,141.15.83.179
53,Shirlee,Bland,sbland1g@jigsy.com,Female,127.73.239.8
54,Ruben,Piechnik,rpiechnik1h@oaic.gov.au,Male,176.6.57.216
55,Roxine,Vasilyonok,rvasilyonok1i@vistaprint.com,Female,240.131.40.149
56,Matteo,Elphey,melphey1j@yahoo.com,Male,215.0.126.251
57,Baxie,MacAne,bmacane1k@seesaa.net,Male,218.239.132.38
58,Charlotte,Collingham,ccollingham1l@vkontakte.ru,Female,209.229.41.127
59,Annissa,Collier,acollier1m@youtu.be,Female,129.5.140.117
60,Zachery,Ciementini,zciementini1n@independent.co.uk,Male,60.219.53.175
61,Flss,Bestiman,fbestiman1o@vimeo.com,Female,161.13.170.174
62,Matilda,Cumpton,mcumpton1p@github.com,Female,46.33.121.15
63,Hollie,Thome,hthome1q@tamu.edu,Female,189.214.10.139
64,Stacee,Boule,sboule1r@washington.edu,Female,90.252.243.186
65,Smith,Hegdonne,shegdonne1s@miitbeian.gov.cn,Male,99.158.97.210
66,Vitia,Drogan,vdrogan1t@edublogs.org,Female,130.198.142.126
67,Becki,Bowler,bbowler1u@cyberchimps.com,Female,208.133.240.123
68,Frank,Vlasenkov,fvlasenkov1v@jalbum.net,Male,198.89.89.180
69,Ricki,Baugham,rbaugham1w@ask.com,Male,84.137.60.171
70,Darrelle,Ratt,dratt1x@hibu.com,Female,243.234.216.169
71,Sonia,Rowaszkiewicz,srowaszkiewicz1y@discuz.net,Female,29.196.36.194
72,Robinette,Pluck,rpluck1z@blog.com,Female,137.216.77.86
73,Derwin,Biesterfeld,dbiesterfeld20@paginegialle.it,Male,164.13.25.169
74,Lev,Carlsson,lcarlsson21@dagondesign.com,Male,226.139.144.243
75,Minta,Waterhouse,mwaterhouse22@wordpress.com,Female,82.34.174.76
76,Merlina,Bicknell,mbicknell23@so-net.ne.jp,Female,234.197.179.24
77,Esra,Craghead,ecraghead24@jalbum.net,Male,178.58.239.15
78,Gerome,Crookall,gcrookall25@sakura.ne.jp,Male,219.0.91.189
79,Pauletta,Bowdidge,pbowdidge26@tamu.edu,Female,89.90.186.174
80,Shaun,McDuall,smcduall27@odnoklassniki.ru,Female,228.98.40.90
81,Hunt,Caig,hcaig28@vk.com,Male,16.249.250.170
82,Zacharia,Gilphillan,zgilphillan29@forbes.com,Male,214.8.10.156
83,Bendick,Gannaway,bgannaway2a@dedecms.com,Male,70.87.174.72
84,Weider,Choudhury,wchoudhury2b@homestead.com,Male,2.190.117.66
85,Al,Linster,alinster2c@xinhuanet.com,Male,20.95.13.40
86,Shandie,Samwaye,ssamwaye2d@shinystat.com,Female,137.155.6.19
87,Maison,Simester,msimester2e@army.mil,Male,12.33.189.89
88,Mallory,Dummer,mdummer2f@si.edu,Male,211.191.40.115
89,Pepito,Gabotti,pgabotti2g@desdev.cn,Male,158.205.68.134
90,Billye,Kerkham,bkerkham2h@msu.edu,Female,39.230.42.229
91,Twila,Huggard,thuggard2i@upenn.edu,Female,190.150.121.34
92,Constantine,Sidebotton,csidebotton2j@berkeley.edu,Female,192.58.171.61
93,Jacklyn,Brandin,jbrandin2k@uiuc.edu,Female,5.165.102.89
94,Sven,Speirs,sspeirs2l@parallels.com,Male,247.125.232.106
95,Leeanne,Guitel,lguitel2m@harvard.edu,Female,207.122.91.57
96,Malina,Rainon,mrainon2n@bravesites.com,Female,64.181.53.247
97,Jeana,D'Aulby,jdaulby2o@blog.com,Female,196.233.179.41
98,Falkner,Hughlock,fhughlock2p@bluehost.com,Male,14.86.45.165
99,Waite,Skidmore,wskidmore2q@seattletimes.com,Male,145.89.211.122
100,Hammad,Badland,hbadland2r@kickstarter.com,Male,83.101.142.249
101,Vassily,Odby,vodby2s@europa.eu,Male,216.141.26.196
102,Omar,Mildner,omildner2t@miibeian.gov.cn,Male,145.152.69.228
103,Talia,Bonnaire,tbonnaire2u@simplemachines.org,Female,18.18.8.157
104,Portia,Tukesby,ptukesby2v@pcworld.com,Female,233.104.249.76
105,Kiley,Fryman,kfryman2w@bizjournals.com,Male,208.168.195.149
106,Haydon,Le Marchant,hlemarchant2x@chicagotribune.com,Male,107.141.230.201
107,Honoria,McGeaney,hmcgeaney2y@ovh.net,Female,165.81.98.58
108,Cahra,Elgey,celgey2z@shutterfly.com,Female,21.189.198.242
109,Vivien,Etchells,vetchells30@earthlink.net,Female,211.26.47.201
110,Frederic,Rochelle,frochelle31@nba.com,Male,33.37.144.152
111,Sabine,Edgin,sedgin32@mashable.com,Female,92.109.47.137
112,Erika,Kibbe,ekibbe33@newyorker.com,Female,118.186.255.41
113,Gherardo,Tovey,gtovey34@noaa.gov,Male,83.108.239.232
114,Freddy,Kemster,fkemster35@pinterest.com,Female,120.223.147.161
115,Ammamaria,Ferrierio,aferrierio36@redcross.org,Female,154.66.2.72
116,Marlon,Barney,mbarney37@ftc.gov,Male,102.216.74.195
117,Eli,Bilt,ebilt38@uiuc.edu,Male,112.21.70.239
118,Luci,Titherington,ltitherington39@nba.com,Female,228.31.113.46
119,Jayne,Vallery,jvallery3a@imageshack.us,Female,255.204.196.201
120,Marne,Kennealy,mkennealy3b@weather.com,Female,200.41.167.229
121,Carree,Hanratty,chanratty3c@pinterest.com,Female,90.37.152.2
122,Layney,Halliburton,lhalliburton3d@walmart.com,Female,122.165.4.86
123,Martainn,Langabeer,mlangabeer3e@irs.gov,Male,141.90.212.76
124,Alford,Errichiello,aerrichiello3f@elpais.com,Male,124.66.242.239
125,Rhianna,Pfeuffer,rpfeuffer3g@ycombinator.com,Female,119.1.214.96
126,Yoshi,Ruthen,yruthen3h@t-online.de,Female,91.196.202.144
127,Sean,Wright,swright3i@sogou.com,Male,155.4.113.74
128,Chrissy,Lokier,clokier3j@wp.com,Male,164.205.52.220
129,Kaspar,Pedgrift,kpedgrift3k@slashdot.org,Male,110.74.92.250
130,Dov,Adams,dadams3l@un.org,Male,19.40.149.246
131,Ki,Muldowney,kmuldowney3m@live.com,Female,222.177.143.175
132,Danya,McCrie,dmccrie3n@opera.com,Male,220.76.47.154
133,Gerti,Rabbe,grabbe3o@wufoo.com,Female,199.180.183.34
134,Julie,Croxon,jcroxon3p@amazon.de,Female,14.28.142.195
135,Daryl,Chad,dchad3q@cam.ac.uk,Female,94.43.166.110
136,Wylma,Cadreman,wcadreman3r@comcast.net,Female,112.94.222.31
137,Geneva,Elsy,gelsy3s@huffingtonpost.com,Female,118.32.221.84
138,Wilone,Leband,wleband3t@reddit.com,Female,227.165.227.152
139,Rooney,Alldis,ralldis3u@irs.gov,Male,28.23.1.217
140,Julius,Boncore,jboncore3v@soundcloud.com,Male,103.116.77.216
141,Kenna,Presho,kpresho3w@wiley.com,Female,146.57.27.190
142,Evelyn,Bletsoe,ebletsoe3x@hud.gov,Male,158.166.215.184
143,Lesya,Janecki,ljanecki3y@virginia.edu,Female,71.54.244.53
144,Filberto,Steuhlmeyer,fsteuhlmeyer3z@sitemeter.com,Male,221.212.82.20
145,Yoko,Dilnot,ydilnot40@behance.net,Female,168.157.184.97
146,Wilfred,Carnduff,wcarnduff41@zimbio.com,Male,77.25.42.76
147,Alvin,Aleksankin,aaleksankin42@nymag.com,Male,91.94.223.216
148,Iver,Tregale,itregale43@google.co.jp,Male,99.194.247.19
149,Teena,Jira,tjira44@go.com,Female,203.85.77.96
150,Way,Kynge,wkynge45@reddit.com,Male,255.151.219.92
151,August,Taffrey,ataffrey46@linkedin.com,Male,231.122.41.127
152,Shaw,McSweeney,smcsweeney47@ft.com,Male,9.29.97.255
153,Berky,Greenhouse,bgreenhouse48@webs.com,Male,65.157.138.158
154,Adrian,Tschirasche,atschirasche49@yelp.com,Female,87.187.211.115
155,Hayyim,Baton,hbaton4a@slate.com,Male,104.176.12.220
156,Othello,Ducket,oducket4b@wikipedia.org,Male,7.81.226.64
157,Henri,Simner,hsimner4c@sakura.ne.jp,Male,142.78.45.28
158,Corine,Parmenter,cparmenter4d@infoseek.co.jp,Female,16.75.164.156
159,Wernher,Extill,wextill4e@state.gov,Male,55.218.104.232
160,Bettine,Dunkerley,bdunkerley4f@alibaba.com,Female,36.210.153.23
161,Conrade,Dunbavin,cdunbavin4g@4shared.com,Male,95.35.254.117
162,Jeremie,Mussettini,jmussettini4h@digg.com,Male,171.226.213.188
163,Birgitta,Averay,baveray4i@parallels.com,Female,59.177.122.143
164,Leonid,Leggat,lleggat4j@tiny.cc,Male,121.135.176.208
165,Taddeusz,Hurn,thurn4k@oracle.com,Male,93.149.222.173
166,Doy,Shillam,dshillam4l@weather.com,Male,215.56.161.225
167,Randi,Rudsdell,rrudsdell4m@census.gov,Male,147.219.255.191
168,Myca,Kirkup,mkirkup4n@de.vu,Male,47.150.52.255
169,Willem,Whyke,wwhyke4o@instagram.com,Male,187.135.55.125
170,Saundra,Witson,switson4p@earthlink.net,Female,104.198.60.128
171,Tomasine,Ashton,tashton4q@ow.ly,Female,237.54.197.14
172,Ignaz,Vause,ivause4r@washingtonpost.com,Male,57.10.16.219
173,Nedda,Figures,nfigures4s@microsoft.com,Female,5.111.155.94
174,Trumaine,Gynni,tgynni4t@prnewswire.com,Male,182.28.222.120
175,Thomas,Lutton,tlutton4u@wired.com,Male,34.186.208.60
176,Constance,Weedenburg,cweedenburg4v@census.gov,Female,220.196.206.34
177,Rosette,Chamley,rchamley4w@google.com,Female,220.209.246.37
178,Algernon,Praundl,apraundl4x@berkeley.edu,Male,111.109.186.202
179,Rina,Fentem,rfentem4y@paypal.com,Female,111.62.152.237
180,Carny,Maddern,cmaddern4z@psu.edu,Male,110.41.68.116
181,Halli,Vasilischev,hvasilischev50@ezinearticles.com,Female,44.131.184.20
182,Dav,Gurrado,dgurrado51@cafepress.com,Male,57.188.157.112
183,Yvette,Shields,yshields52@fema.gov,Female,38.241.16.121
184,Tallie,Spiniello,tspiniello53@php.net,Male,14.25.30.131
185,Monroe,Barfitt,mbarfitt54@quantcast.com,Male,245.174.54.178
186,Merrel,MacAvaddy,mmacavaddy55@last.fm,Male,190.23.240.1
187,Ines,Dodle,idodle56@wikispaces.com,Female,241.143.177.78
188,Gloriane,Andrzejowski,gandrzejowski57@gmpg.org,Female,55.224.2.58
189,Serge,Fosdick,sfosdick58@nba.com,Male,184.184.58.229
190,Drud,Kershaw,dkershaw59@mozilla.org,Male,170.226.130.145
191,Otto,Print,oprint5a@amazon.de,Male,159.27.33.87
192,Noland,Howieson,nhowieson5b@ucoz.ru,Male,169.134.46.190
193,Inglis,Kingswood,ikingswood5c@elegantthemes.com,Male,127.197.14.138
194,Belinda,Bonsale,bbonsale5d@so-net.ne.jp,Female,145.174.77.71
195,Tobe,Rose,trose5e@ibm.com,Male,119.95.149.27
196,Lucais,Fossitt,lfossitt5f@drupal.org,Male,187.48.142.186
197,Rosalynd,Illidge,rillidge5g@usgs.gov,Female,95.39.59.185
198,Curcio,Inwood,cinwood5h@slideshare.net,Male,109.184.207.190
199,Noach,Demann,ndemann5i@g.co,Male,86.239.56.22
200,Maurizio,Cello,mcello5j@cafepress.com,Male,120.67.195.166
201,Lee,Osmund,losmund5k@feedburner.com,Male,123.183.14.141
202,Marcile,McCluin,mmccluin5l@over-blog.com,Female,42.179.36.70
203,Merrielle,Newcom,mnewcom5m@elpais.com,Female,165.121.88.211
204,Arturo,Cradoc,acradoc5n@mashable.com,Male,250.17.87.129
205,Raleigh,Stanning,rstanning5o@dailymail.co.uk,Male,209.2.144.113
206,Eloise,Montel,emontel5p@oakley.com,Female,206.103.106.112
207,Kaitlyn,Ashlin,kashlin5q@squidoo.com,Female,91.165.140.143
208,Teddi,Groves,tgroves5r@webmd.com,Female,102.15.16.229
209,Piotr,Goom,pgoom5s@hc360.com,Male,213.86.214.244
210,Aguste,Cund,acund5t@php.net,Male,43.140.174.90
211,Adelina,Jandourek,ajandourek5u@dion.ne.jp,Female,42.39.73.160
212,Waylen,Giblin,wgiblin5v@loc.gov,Male,96.61.250.5
213,Vince,Baitson,vbaitson5w@csmonitor.com,Male,220.74.53.175
214,Neill,Steinor,nsteinor5x@walmart.com,Male,103.179.247.97
215,Koenraad,Solland,ksolland5y@plala.or.jp,Male,66.209.144.150
216,Laurie,Fareweather,lfareweather5z@auda.org.au,Male,28.65.243.205
217,Curr,Whilder,cwhilder60@cbc.ca,Male,105.170.229.42
218,Ali,Jencken,ajencken61@google.ru,Male,178.202.124.195
219,Ambrosius,Sleany,asleany62@discuz.net,Male,30.244.46.195
220,Floyd,McQuin,fmcquin63@storify.com,Male,199.76.102.68
221,Lemmy,Hefferon,lhefferon64@soundcloud.com,Male,93.131.187.235
222,Kristen,Dumbell,kdumbell65@seesaa.net,Female,63.77.226.62
223,Tirrell,Orpen,torpen66@sphinn.com,Male,90.211.190.199
224,Brooks,Curnnokk,bcurnnokk67@wiley.com,Male,125.162.19.123
225,Dasi,Warboy,dwarboy68@who.int,Female,104.167.252.193
226,Roberto,Gipp,rgipp69@rediff.com,Male,120.243.6.83
227,Cathyleen,Reitenbach,creitenbach6a@sciencedaily.com,Female,73.192.0.11
228,Ruddie,Polhill,rpolhill6b@redcross.org,Male,214.54.208.252
229,Brigham,Piddlesden,bpiddlesden6c@state.tx.us,Male,207.163.91.3
230,Gaspard,Ions,gions6d@home.pl,Male,159.150.60.34
231,Moishe,Brader,mbrader6e@slashdot.org,Male,57.134.191.108
232,Row,Goundry,rgoundry6f@si.edu,Female,27.44.177.245
233,Hurleigh,Armall,harmall6g@forbes.com,Male,14.58.223.153
234,Simonette,Tingley,stingley6h@icio.us,Female,11.136.161.119
235,Washington,Tearney,wtearney6i@prlog.org,Male,249.60.230.193
236,Bard,Witch,bwitch6j@toplist.cz,Male,66.54.65.18
237,Stanley,Dury,sdury6k@scientificamerican.com,Male,131.13.6.105
238,Jerad,Pleasaunce,jpleasaunce6l@zimbio.com,Male,8.223.180.92
239,Vic,Setch,vsetch6m@psu.edu,Male,50.145.31.248
240,Lorie,Crafts,lcrafts6n@seattletimes.com,Female,106.127.207.166
241,Kary,Cassedy,kcassedy6o@harvard.edu,Female,54.246.138.152
242,Angele,Chiechio,achiechio6p@dailymotion.com,Female,218.97.239.181
243,Andra,Biscomb,abiscomb6q@craigslist.org,Female,198.114.138.124
244,Terrel,Marfield,tmarfield6r@sogou.com,Male,218.80.102.59
245,Link,Fass,lfass6s@ebay.co.uk,Male,190.45.234.172
246,Riva,Carder,rcarder6t@altervista.org,Female,71.189.228.84
247,Damian,Dye,ddye6u@booking.com,Male,214.205.88.44
248,Rab,Jeannaud,rjeannaud6v@washingtonpost.com,Male,172.89.163.229
249,Rahal,Tollerton,rtollerton6w@mysql.com,Female,72.172.15.79
250,Godwin,Pillinger,gpillinger6x@loc.gov,Male,80.48.149.76
251,Davide,Presidey,dpresidey6y@utexas.edu,Male,70.160.168.182
252,Emelyne,Pregel,epregel6z@e-recht24.de,Female,15.186.135.118
253,Helsa,Attwell,hattwell70@nifty.com,Female,73.30.162.17
254,Lotta,Prine,lprine71@bloomberg.com,Female,77.174.2.107
255,Boy,Polgreen,bpolgreen72@netvibes.com,Male,186.20.75.250
256,Hakeem,Schenkel,hschenkel73@godaddy.com,Male,166.25.170.242
257,Lucias,Shillom,lshillom74@deviantart.com,Male,18.170.249.119
258,Lyda,McCree,lmccree75@kickstarter.com,Female,207.224.148.230
259,Juanita,Meese,jmeese76@fda.gov,Female,72.239.44.160
260,Molli,Delong,mdelong77@phoca.cz,Female,3.253.0.98
261,Hildegarde,Dufall,hdufall78@google.ru,Female,11.62.124.142
262,Joshuah,Jakubovits,jjakubovits79@indiatimes.com,Male,26.102.194.96
263,Quint,Bolwell,qbolwell7a@washington.edu,Male,51.198.197.40
264,Nollie,Gutridge,ngutridge7b@time.com,Female,39.166.14.239
265,Georgie,Wyllie,gwyllie7c@wsj.com,Female,128.207.19.215
266,Sofia,Lidyard,slidyard7d@census.gov,Female,7.249.61.68
267,Filia,Endicott,fendicott7e@youku.com,Female,153.70.217.26
268,Walther,McCay,wmccay7f@dell.com,Male,176.137.248.12
269,Quincey,Fullom,qfullom7g@foxnews.com,Male,233.130.69.255
270,Conan,Padbery,cpadbery7h@goodreads.com,Male,245.205.226.215
271,Cletis,Sommerled,csommerled7i@oakley.com,Male,98.100.54.60
272,Letti,Faivre,lfaivre7j@nature.com,Female,84.100.213.99
273,Basile,Ben,bben7k@deviantart.com,Male,190.115.47.147
274,Corty,Ansett,cansett7l@mashable.com,Male,230.5.18.231
275,Lidia,Bikker,lbikker7m@usgs.gov,Female,36.191.172.113
276,Romona,Busswell,rbusswell7n@state.gov,Female,34.197.70.44
277,Marmaduke,Hiley,mhiley7o@xinhuanet.com,Male,76.205.164.241
278,Gardiner,Antoniutti,gantoniutti7p@nifty.com,Male,3.118.223.194
279,Tildi,Messer,tmesser7q@ask.com,Female,177.34.16.205
280,Ingram,Cess,icess7r@youku.com,Male,43.106.243.99
281,Madelaine,Shillitoe,mshillitoe7s@narod.ru,Female,50.216.19.212
282,Herold,Phillip,hphillip7t@craigslist.org,Male,41.248.166.119
283,Rosanne,Fenix,rfenix7u@yahoo.co.jp,Female,197.45.37.146
284,Piotr,Kinner,pkinner7v@aol.com,Male,178.154.159.82
285,Gerrie,MacCague,gmaccague7w@xrea.com,Male,199.205.170.218
286,Clerc,Kubec,ckubec7x@liveinternet.ru,Male,183.23.61.160
287,Vasili,Jostan,vjostan7y@mashable.com,Male,147.222.255.231
288,Leonidas,Maffioni,lmaffioni7z@biblegateway.com,Male,24.224.49.67
289,Jessalyn,Crossgrove,jcrossgrove80@etsy.com,Female,230.223.95.91
290,Adan,Yakubowicz,ayakubowicz81@gov.uk,Female,171.209.89.131
291,Corry,Braine,cbraine82@columbia.edu,Female,123.108.19.89
292,Clarita,Stoke,cstoke83@dropbox.com,Female,194.38.122.217
293,Raphael,Rushby,rrushby84@facebook.com,Male,126.132.49.208
294,Dorthea,Westgarth,dwestgarth85@intel.com,Female,128.183.46.167
295,Florentia,Bowcock,fbowcock86@oakley.com,Female,40.212.251.237
296,Casey,Hendren,chendren87@usgs.gov,Male,234.188.47.83
297,Kean,Grenville,kgrenville88@surveymonkey.com,Male,84.86.159.42
298,Dominique,Beamiss,dbeamiss89@unblog.fr,Female,41.214.197.191
299,Melinda,Laughren,mlaughren8a@merriam-webster.com,Female,226.218.98.91
300,Olivia,Lackney,olackney8b@thetimes.co.uk,Female,22.34.56.82
301,Chaim,Andreopolos,candreopolos8c@discuz.net,Male,13.232.205.20
302,Nicky,Barreau,nbarreau8d@geocities.com,Female,195.107.104.12
303,Fionna,Maun,fmaun8e@smugmug.com,Female,142.188.164.60
304,Jana,Van Cassel,jvancassel8f@mail.ru,Female,80.68.48.222
305,Giacopo,MacTurlough,gmacturlough8g@godaddy.com,Male,189.201.9.241
306,Melisent,Offield,moffield8h@foxnews.com,Female,208.152.102.172
307,Vidovik,Pleven,vpleven8i@java.com,Male,54.203.182.42
308,Annamarie,Starte,astarte8j@home.pl,Female,205.239.189.15
309,Galina,Corstan,gcorstan8k@cnet.com,Female,105.106.188.223
310,Thor,Mallindine,tmallindine8l@amazon.com,Male,61.141.15.73
311,Roi,Sargison,rsargison8m@dmoz.org,Male,99.233.130.21
312,Ammamaria,Sandaver,asandaver8n@i2i.jp,Female,211.6.154.150
313,Agna,Alliband,aalliband8o@cnn.com,Female,49.84.253.235
314,Kata,Jewsbury,kjewsbury8p@mashable.com,Female,231.204.46.14
315,Justin,Howkins,jhowkins8q@123-reg.co.uk,Male,29.133.62.135
316,Meriel,Goble,mgoble8r@amazon.de,Female,189.113.157.195
317,Drucy,Pearman,dpearman8s@stumbleupon.com,Female,16.174.91.161
318,Butch,MacCallam,bmaccallam8t@dailymail.co.uk,Male,215.117.215.114
319,Lucius,Brophy,lbrophy8u@wufoo.com,Male,137.159.177.141
320,Muriel,Dillingston,mdillingston8v@hibu.com,Female,72.100.186.29
321,Silvia,Sprowell,ssprowell8w@xinhuanet.com,Female,204.240.234.132
322,Sean,Selburn,sselburn8x@illinois.edu,Male,131.67.32.142
323,Lee,Bratten,lbratten8y@cmu.edu,Male,255.192.117.51
324,Kore,Cornford,kcornford8z@skyrock.com,Female,94.76.94.166
325,Monty,Dolley,mdolley90@ebay.co.uk,Male,251.5.144.237
326,Weider,Bartolommeo,wbartolommeo91@gov.uk,Male,34.111.169.213
327,Jeffy,Hayles,jhayles92@wp.com,Male,224.209.73.53
328,Schuyler,Charlotte,scharlotte93@senate.gov,Male,181.115.188.94
329,Faye,Domotor,fdomotor94@intel.com,Female,56.213.193.117
330,Raffaello,Gillaspy,rgillaspy95@wisc.edu,Male,146.14.152.253
331,Leighton,Puddicombe,lpuddicombe96@amazon.com,Male,42.6.250.209
332,Frankie,Twine,ftwine97@blogs.com,Female,158.100.220.42
333,Elsworth,Quail,equail98@oakley.com,Male,217.13.90.230
334,Tiffanie,Illingsworth,tillingsworth99@dmoz.org,Female,93.3.68.120
335,Darcie,Kilmary,dkilmary9a@ustream.tv,Female,25.94.36.26
336,Laird,Lefever,llefever9b@lulu.com,Male,248.204.186.132
337,Burke,Rushsorth,brushsorth9c@vistaprint.com,Male,145.18.67.110
338,Eddy,Latchmore,elatchmore9d@twitter.com,Male,199.120.15.30
339,Johnny,MacAirt,jmacairt9e@github.com,Male,216.96.164.245
340,Leshia,Pawling,lpawling9f@adobe.com,Female,106.149.140.66
341,Clemmie,Jenner,cjenner9g@examiner.com,Female,190.205.252.201
342,Gunter,Gregr,ggregr9h@dedecms.com,Male,191.103.48.140
343,Griffie,Fountian,gfountian9i@weibo.com,Male,30.45.147.15
344,Dulsea,Oppie,doppie9j@ebay.com,Female,127.63.74.149
345,Malachi,MacNulty,mmacnulty9k@google.pl,Male,243.132.128.188
346,Wake,Berrisford,wberrisford9l@independent.co.uk,Male,96.250.130.178
347,Jerrylee,O'Kennavain,jokennavain9m@dmoz.org,Female,75.237.195.76
348,Morgana,Heditch,mheditch9n@ehow.com,Female,243.132.70.237
349,Ronny,Parrington,rparrington9o@google.de,Female,169.242.32.32
350,Ag,Winham,awinham9p@list-manage.com,Female,231.207.154.40
351,Judith,Basley,jbasley9q@webs.com,Female,196.128.20.211
352,Clare,Kinsett,ckinsett9r@etsy.com,Male,150.24.145.237
353,Maiga,Kunkel,mkunkel9s@redcross.org,Female,50.0.132.46
354,Richart,Mulvin,rmulvin9t@timesonline.co.uk,Male,196.14.30.15
355,Neil,McGeachey,nmcgeachey9u@eepurl.com,Male,181.53.12.196
356,Earvin,Anersen,eanersen9v@theatlantic.com,Male,224.119.238.92
357,Addie,Rawnsley,arawnsley9w@sfgate.com,Female,82.85.194.217
358,Rafaela,Klageman,rklageman9x@ed.gov,Female,201.152.165.128
359,Othelia,Feeley,ofeeley9y@about.me,Female,21.22.166.86
360,Filbert,McMenamy,fmcmenamy9z@admin.ch,Male,90.24.110.221
361,Humbert,Gorstidge,hgorstidgea0@latimes.com,Male,168.180.60.242
362,Rip,Minchi,rminchia1@diigo.com,Male,249.187.128.36
363,Ebeneser,Doring,edoringa2@t.co,Male,12.51.114.1
364,Omero,Galero,ogaleroa3@goo.gl,Male,133.188.240.198
365,Adelaide,Sweet,asweeta4@paypal.com,Female,179.244.137.104
366,Rosene,Chadburn,rchadburna5@dion.ne.jp,Female,219.95.63.163
367,Mathian,Gerler,mgerlera6@e-recht24.de,Male,43.140.168.28
368,Corabella,Bonsul,cbonsula7@home.pl,Female,238.234.229.194
369,Feliks,Steinham,fsteinhama8@smh.com.au,Male,178.200.80.28
370,Reggy,Cluelow,rcluelowa9@people.com.cn,Male,36.209.134.120
371,Rorie,Eckly,recklyaa@narod.ru,Female,134.123.2.243
372,Stepha,Fradgley,sfradgleyab@blogs.com,Female,60.238.92.167
373,Warner,Parratt,wparrattac@nature.com,Male,90.6.235.115
374,Eleonore,Demcik,edemcikad@shutterfly.com,Female,250.110.19.103
375,Kendricks,Paggitt,kpaggittae@addthis.com,Male,118.217.247.106
376,Ferdy,Walles,fwallesaf@a8.net,Male,10.221.100.117
377,Marcel,Lundon,mlundonag@wikia.com,Male,124.24.101.177
378,Alexandros,Tellenbrook,atellenbrookah@bbb.org,Male,167.115.55.160
379,Agneta,Cardow,acardowai@myspace.com,Female,29.34.203.2
380,Clo,Castree,ccastreeaj@storify.com,Female,43.144.33.124
381,Bobbi,Ballinger,bballingerak@liveinternet.ru,Female,118.92.101.96
382,Kipp,Fattore,kfattoreal@e-recht24.de,Female,217.2.194.87
383,Merell,Eriksson,merikssonam@admin.ch,Male,121.200.74.220
384,Tessi,Arnli,tarnlian@dailymail.co.uk,Female,77.169.22.248
385,Dewie,Verralls,dverrallsao@ifeng.com,Male,11.151.171.177
386,Vivyanne,Daniell,vdaniellap@homestead.com,Female,14.231.88.154
387,Karel,Gerrad,kgerradaq@examiner.com,Female,2.163.177.85
388,Alfy,Gaul,agaular@spotify.com,Male,254.178.225.238
389,Brinna,Crowdson,bcrowdsonas@forbes.com,Female,148.181.73.57
390,Benji,Colnett,bcolnettat@free.fr,Male,126.74.111.132
391,Jimmie,Vear,jvearau@ucsd.edu,Male,6.196.230.39
392,Selene,MacMaykin,smacmaykinav@buzzfeed.com,Female,165.37.53.184
393,Amie,Penrith,apenrithaw@yellowpages.com,Female,69.204.238.163
394,Erich,Moret,emoretax@apple.com,Male,182.62.16.99
395,Neille,De Vere,ndevereay@mayoclinic.com,Female,92.59.205.252
396,Peter,Peetermann,ppeetermannaz@cocolog-nifty.com,Male,83.38.221.215
397,Daron,Durkin,ddurkinb0@chicagotribune.com,Female,100.35.42.204
398,Zulema,Bringloe,zbringloeb1@cloudflare.com,Female,234.6.11.115
399,Ikey,Antcliff,iantcliffb2@issuu.com,Male,176.165.91.179
400,Dorie,Ivanaev,divanaevb3@biglobe.ne.jp,Female,69.39.36.226
401,Sholom,Tripon,striponb4@globo.com,Male,168.253.115.140
402,Carmon,Hember,chemberb5@furl.net,Female,25.248.195.212
403,Giordano,Hablot,ghablotb6@blogger.com,Male,180.21.123.105
404,Gerrilee,Arrigo,garrigob7@mozilla.com,Female,85.248.180.4
405,Katherina,Cords,kcordsb8@amazon.co.uk,Female,90.61.27.185
406,Nana,Ferns,nfernsb9@economist.com,Female,196.139.185.250
407,Augie,Goodbur,agoodburba@livejournal.com,Male,63.246.179.100
408,Isac,Frift,ifriftbb@macromedia.com,Male,255.132.15.88
409,Glad,Cayette,gcayettebc@cbc.ca,Female,214.88.110.132
410,Kaleb,Casino,kcasinobd@github.com,Male,22.79.231.107
411,Coop,Freezor,cfreezorbe@patch.com,Male,63.143.184.168
412,Hagan,Gaitskill,hgaitskillbf@ebay.co.uk,Male,129.136.191.236
413,Ilaire,Delahunty,idelahuntybg@mail.ru,Male,47.236.154.169
414,Bunnie,Nipper,bnipperbh@godaddy.com,Female,34.16.121.93
415,Abby,Jardein,ajardeinbi@wikispaces.com,Male,145.48.81.35
416,Poppy,Arkcoll,parkcollbj@desdev.cn,Female,35.2.60.47
417,Ramon,Cleminshaw,rcleminshawbk@posterous.com,Male,241.42.171.136
418,Pennie,Tesauro,ptesaurobl@wsj.com,Male,43.114.209.218
419,Jorry,Cutajar,jcutajarbm@friendfeed.com,Female,101.129.101.144
420,Rachele,Vakhlov,rvakhlovbn@nhs.uk,Female,206.112.48.113
421,Aleta,Diggins,adigginsbo@reference.com,Female,255.188.105.250
422,Cyrillus,Sommerlie,csommerliebp@nba.com,Male,247.61.229.192
423,Kinny,Felton,kfeltonbq@cnbc.com,Male,220.42.178.123
424,Lita,Silversmidt,lsilversmidtbr@github.io,Female,6.7.108.152
425,Wilow,Calleja,wcallejabs@ucla.edu,Female,82.247.76.180
426,Barbara-anne,Brehat,bbrehatbt@amazon.de,Female,10.250.204.186
427,Beverie,Fearey,bfeareybu@360.cn,Female,94.93.37.227
428,Nikaniki,Boaler,nboalerbv@economist.com,Female,154.232.195.13
429,Killian,Ruddell,kruddellbw@technorati.com,Male,142.170.193.132
430,Keenan,McLanaghan,kmclanaghanbx@technorati.com,Male,91.193.160.203
431,Iorgos,Corsan,icorsanby@illinois.edu,Male,26.252.244.231
432,Rurik,McTerlagh,rmcterlaghbz@friendfeed.com,Male,39.230.192.230
433,Mirelle,Wyeth,mwyethc0@sfgate.com,Female,12.164.6.133
434,Leonidas,Turford,lturfordc1@home.pl,Male,216.217.227.195
435,Deonne,Durtnall,ddurtnallc2@auda.org.au,Female,44.172.140.127
436,Porty,Caudle,pcaudlec3@army.mil,Male,159.14.223.37
437,Matti,Haily,mhailyc4@sbwire.com,Female,81.130.189.128
438,Teddie,Cubin,tcubinc5@webs.com,Male,200.146.207.28
439,Kelby,Bediss,kbedissc6@booking.com,Male,163.203.131.129
440,Maureen,Harcus,mharcusc7@miitbeian.gov.cn,Female,237.209.29.229
441,Nellie,Montilla,nmontillac8@addtoany.com,Female,151.223.28.108
442,Ber,Cato,bcatoc9@ca.gov,Male,225.22.0.180
443,Cassie,Tierney,ctierneyca@stumbleupon.com,Male,191.183.32.88
444,Juline,Wilcocks,jwilcockscb@census.gov,Female,149.97.126.143
445,Edd,Emson,eemsoncc@blogs.com,Male,213.68.228.49
446,Kalle,Shreenan,kshreenancd@irs.gov,Male,32.199.225.186
447,Cristionna,Degli Antoni,cdegliantonice@gov.uk,Female,194.143.243.37
448,Marietta,Kebbell,mkebbellcf@webmd.com,Female,76.13.43.61
449,Klarika,Pigot,kpigotcg@salon.com,Female,98.245.70.10
450,Norene,Morican,nmoricanch@redcross.org,Female,205.52.105.57
451,Emlen,Ferreira,eferreiraci@home.pl,Male,21.239.95.245
452,Gail,Ruoff,gruoffcj@gravatar.com,Male,125.212.183.132
453,Morganne,Cleminson,mcleminsonck@house.gov,Female,217.182.60.1
454,Krispin,Godbolt,kgodboltcl@biglobe.ne.jp,Male,199.7.31.173
455,Berti,Duncanson,bduncansoncm@skype.com,Male,241.149.84.27
456,Leonidas,Slack,lslackcn@tinyurl.com,Male,145.171.125.13
457,Neila,Zamudio,nzamudioco@gizmodo.com,Female,114.56.35.185
458,Branden,Gallety,bgalletycp@amazon.co.uk,Male,34.20.30.74
459,Paulo,Silbermann,psilbermanncq@theglobeandmail.com,Male,23.145.13.223
460,Benito,Cutting,bcuttingcr@ca.gov,Male,245.28.81.81
461,Charmain,Itzkovwitch,citzkovwitchcs@nba.com,Female,194.102.39.134
462,Patrick,Varley,pvarleyct@bizjournals.com,Male,17.23.235.119
463,Giovanna,Durnall,gdurnallcu@bloomberg.com,Female,36.181.180.176
464,Anne,Riepel,ariepelcv@wunderground.com,Female,109.100.152.48
465,Regine,Judson,rjudsoncw@plala.or.jp,Female,193.126.112.92
466,Arnuad,Ranklin,aranklincx@storify.com,Male,156.137.109.0
467,Opalina,Brachell,obrachellcy@wikia.com,Female,162.150.186.249
468,Liam,Groome,lgroomecz@trellian.com,Male,32.204.48.210
469,Tess,Crumbleholme,tcrumbleholmed0@woothemes.com,Female,135.218.207.35
470,Emery,Garmey,egarmeyd1@earthlink.net,Male,1.205.97.34
471,Tally,Ingram,tingramd2@mozilla.org,Male,211.220.204.65
472,Hoyt,Rosas,hrosasd3@cnet.com,Male,62.43.100.139
473,Alonzo,Cordelet,acordeletd4@soundcloud.com,Male,47.212.35.71
474,Corine,Dunham,cdunhamd5@biglobe.ne.jp,Female,238.182.82.220
475,Tommie,Staining,tstainingd6@webeden.co.uk,Male,153.118.105.119
476,Janela,Hynd,jhyndd7@wikipedia.org,Female,43.102.153.96
477,Wilma,Payton,wpaytond8@chicagotribune.com,Female,200.215.111.82
478,Shelia,Andreas,sandreasd9@yellowpages.com,Female,71.205.81.173
479,Reginald,Henrique,rhenriqueda@weebly.com,Male,191.50.65.185
480,Merissa,Gullan,mgullandb@dedecms.com,Female,135.73.114.181
481,Immanuel,Brellin,ibrellindc@prlog.org,Male,40.75.57.110
482,Lizzie,Josh,ljoshdd@mozilla.com,Female,191.251.37.131
483,Cheslie,Sayes,csayesde@biglobe.ne.jp,Female,89.88.236.130
484,Iormina,Orlton,iorltondf@shinystat.com,Female,117.62.143.84
485,Gaynor,Potts,gpottsdg@miibeian.gov.cn,Female,49.29.178.236
486,Zachariah,McCloy,zmccloydh@toplist.cz,Male,143.80.142.247
487,Leia,Gurney,lgurneydi@creativecommons.org,Female,137.137.182.127
488,Kahlil,Doherty,kdohertydj@msu.edu,Male,139.20.2.122
489,Ave,Knill,aknilldk@whitehouse.gov,Male,1.105.91.11
490,Tanhya,Hellyer,thellyerdl@shop-pro.jp,Female,20.93.41.78
491,Sebastiano,Godwyn,sgodwyndm@latimes.com,Male,178.108.9.128
492,Munmro,Noone,mnoonedn@wunderground.com,Male,34.115.101.184
493,Barclay,Ickovicz,bickoviczdo@tmall.com,Male,246.25.179.193
494,Giustino,Feake,gfeakedp@hugedomains.com,Male,201.107.11.246
495,Malissa,Lowrey,mlowreydq@ucoz.ru,Female,161.8.248.176
496,Cosetta,Bridell,cbridelldr@pagesperso-orange.fr,Female,123.59.141.61
497,Hamlen,Meldrum,hmeldrumds@umich.edu,Male,243.176.179.183
498,Cindelyn,Geering,cgeeringdt@amazonaws.com,Female,129.237.199.66
499,Clarinda,Ernke,cernkedu@npr.org,Female,167.248.174.90
500,Bartholomew,Salliere,bsallieredv@cnet.com,Male,6.131.3.183
501,Normand,Deporte,ndeportedw@shareasale.com,Male,89.167.195.97
502,Lemar,Reightley,lreightleydx@g.co,Male,135.138.159.234
503,Winne,Ney,wneydy@marriott.com,Female,137.211.157.238
504,Clifford,Ledrun,cledrundz@blinklist.com,Male,148.41.231.219
505,Butch,Meiklem,bmeikleme0@ask.com,Male,134.135.60.149
506,Wyn,Aveson,wavesone1@livejournal.com,Male,82.158.177.15
507,Brynna,Wordsworth,bwordsworthe2@barnesandnoble.com,Female,41.162.49.72
508,Kiel,Brimm,kbrimme3@wordpress.org,Male,149.105.218.221
509,Dianne,Kiendl,dkiendle4@google.ru,Female,227.187.243.48
510,Mateo,Iacomettii,miacomettiie5@comsenz.com,Male,199.144.28.7
511,Rutger,Syratt,rsyratte6@tripadvisor.com,Male,238.145.146.117
512,Bern,Elis,belise7@sun.com,Male,172.184.122.86
513,Kara,Waghorne,kwaghornee8@dailymotion.com,Female,145.181.71.184
514,Paulette,Wands,pwandse9@mapy.cz,Female,221.117.39.144
515,Neddie,Clulow,nclulowea@comsenz.com,Male,45.1.129.223
516,Stacy,Yakunchikov,syakunchikoveb@ehow.com,Male,141.130.174.5
517,Adriano,Aherne,aaherneec@abc.net.au,Male,173.188.76.48
518,Farr,Mithon,fmithoned@yolasite.com,Male,69.49.25.50
519,Harold,Singleton,hsingletonee@aboutads.info,Male,13.128.213.41
520,Lula,Poxon,lpoxonef@marketwatch.com,Female,88.142.197.194
521,Hussein,Castilljo,hcastilljoeg@barnesandnoble.com,Male,11.189.62.50
522,Mariette,Henbury,mhenburyeh@oracle.com,Female,201.253.130.94
523,Timmy,Sauvage,tsauvageei@seesaa.net,Female,195.42.141.42
524,Car,Robens,crobensej@wp.com,Male,52.216.181.96
525,Thorn,Gillebride,tgillebrideek@reuters.com,Male,192.12.146.87
526,Ulrikaumeko,Anthonsen,uanthonsenel@vinaora.com,Female,97.95.160.37
527,Maggie,Comerford,mcomerfordem@google.it,Female,245.99.77.86
528,Meggy,Hurles,mhurlesen@imdb.com,Female,143.40.199.84
529,Mame,Turmall,mturmalleo@hostgator.com,Female,135.20.38.249
530,Mavra,Dowdell,mdowdellep@indiatimes.com,Female,89.157.193.63
531,Nevin,Barg,nbargeq@wikispaces.com,Male,139.248.228.109
532,Cinnamon,Razoux,crazouxer@umich.edu,Female,80.101.40.185
533,Karry,Booton,kbootones@joomla.org,Female,15.166.234.190
534,Flossi,Caudwell,fcaudwellet@theglobeandmail.com,Female,79.120.83.98
535,Ursulina,Hammerstone,uhammerstoneeu@state.tx.us,Female,149.210.64.68
536,Eugen,Stackbridge,estackbridgeev@disqus.com,Male,237.70.4.118
537,Nadean,Pedley,npedleyew@photobucket.com,Female,255.123.193.104
538,Sharai,Normanville,snormanvilleex@diigo.com,Female,230.242.157.15
539,Jase,Pickerell,jpickerelley@yelp.com,Male,168.69.117.8
540,Pansie,Ellul,pellulez@slate.com,Female,231.46.221.4
541,Sybila,Loffill,sloffillf0@umn.edu,Female,8.104.5.75
542,Torrey,Hylands,thylandsf1@uiuc.edu,Male,143.145.222.41
543,Licha,Coveney,lcoveneyf2@artisteer.com,Female,240.136.65.127
544,Clari,Hallas,challasf3@cbsnews.com,Female,104.246.205.243
545,Consolata,Kyttor,ckyttorf4@alibaba.com,Female,17.175.49.194
546,Dyane,Shreve,dshrevef5@issuu.com,Female,10.167.83.100
547,Tedie,Colling,tcollingf6@rediff.com,Male,111.140.249.132
548,Avril,Deek,adeekf7@ycombinator.com,Female,186.102.245.35
549,Gloria,Easman,geasmanf8@gov.uk,Female,209.241.124.93
550,Edgardo,Etherton,eethertonf9@mayoclinic.com,Male,250.5.216.33
551,Parrnell,Le Brun,plebrunfa@mapquest.com,Male,197.181.138.1
552,Cori,Watsam,cwatsamfb@reverbnation.com,Male,108.195.195.227
553,Birgit,Mersh,bmershfc@reddit.com,Female,195.245.173.89
554,Maren,Ranvoise,mranvoisefd@mashable.com,Female,11.36.109.84
555,Gearalt,Giacomuzzo,ggiacomuzzofe@diigo.com,Male,168.207.104.117
556,Robinetta,Stowers,rstowersff@networksolutions.com,Female,149.215.238.59
557,Phyllida,Guerin,pguerinfg@phpbb.com,Female,117.9.52.129
558,Fairlie,Krug,fkrugfh@posterous.com,Male,47.32.63.126
559,Chloris,Yukhtin,cyukhtinfi@freewebs.com,Female,194.87.141.25
560,Jandy,Breed,jbreedfj@cloudflare.com,Female,184.140.188.249
561,Ronny,Giraudel,rgiraudelfk@netscape.com,Male,176.199.44.161
562,Twila,Hathorn,thathornfl@usatoday.com,Female,208.40.245.28
563,Cassandre,Blondin,cblondinfm@taobao.com,Female,60.160.228.104
564,Reinaldos,Pfeffer,rpfefferfn@facebook.com,Male,212.45.139.83
565,Byrle,Pohling,bpohlingfo@shareasale.com,Male,25.67.175.62
566,Yardley,Watkins,ywatkinsfp@state.gov,Male,203.42.73.116
567,Jane,Budnk,jbudnkfq@alibaba.com,Female,34.177.146.43
568,Kerby,Filer,kfilerfr@sphinn.com,Male,42.254.5.55
569,Perice,Worlock,pworlockfs@freewebs.com,Male,48.148.44.32
570,Gene,Vsanelli,gvsanellift@eventbrite.com,Male,3.139.176.250
571,Giovanni,Iorio,gioriofu@unblog.fr,Male,23.234.12.20
572,Viki,Copelli,vcopellifv@java.com,Female,168.209.195.162
573,Leanna,Drew-Clifton,ldrewcliftonfw@parallels.com,Female,241.115.127.205
574,Rozamond,Redihough,rredihoughfx@vinaora.com,Female,50.2.83.3
575,Anallise,Rubenczyk,arubenczykfy@wikimedia.org,Female,195.199.90.75
576,Yul,Stokell,ystokellfz@dyndns.org,Male,248.8.179.156
577,Felicia,Jupe,fjupeg0@chicagotribune.com,Female,123.224.40.153
578,Orv,Boddington,oboddingtong1@pcworld.com,Male,126.173.39.187
579,Ollie,Woodburn,owoodburng2@irs.gov,Female,47.245.229.166
580,Jeddy,Balazs,jbalazsg3@thetimes.co.uk,Male,109.110.85.121
581,Mahmud,Wiffill,mwiffillg4@mit.edu,Male,18.40.116.251
582,Knox,Gregoraci,kgregoracig5@yandex.ru,Male,254.226.235.190
583,Ashlee,Wrate,awrateg6@apache.org,Female,63.38.108.43
584,Waldon,Dunbobin,wdunbobing7@sakura.ne.jp,Male,38.214.34.50
585,Colas,Gauld,cgauldg8@deliciousdays.com,Male,29.69.82.75
586,Lalo,Grenter,lgrenterg9@biblegateway.com,Male,144.227.49.74
587,Waverly,Prettejohns,wprettejohnsga@hugedomains.com,Male,138.136.255.67
588,Jaye,Purkess,jpurkessgb@phoca.cz,Male,171.232.98.35
589,Beniamino,Mation,bmationgc@soup.io,Male,213.71.176.139
590,Zena,McCuffie,zmccuffiegd@bizjournals.com,Female,228.67.85.8
591,Bud,Ebbitt,bebbittge@usatoday.com,Male,107.42.233.245
592,Maryrose,Gooderson,mgoodersongf@newyorker.com,Female,224.32.36.205
593,Jillian,Rennison,jrennisongg@php.net,Female,123.200.140.108
594,Masha,Brims,mbrimsgh@geocities.com,Female,5.154.55.129
595,Alecia,Fifield,afifieldgi@disqus.com,Female,32.31.53.37
596,Dimitri,Scola,dscolagj@microsoft.com,Male,191.25.115.157
597,Towny,Maryon,tmaryongk@auda.org.au,Male,73.136.76.92
598,Fey,Rosellini,frosellinigl@answers.com,Female,13.62.21.35
599,Erastus,Mattia,emattiagm@mayoclinic.com,Male,59.212.117.167
600,Bordy,Brennans,bbrennansgn@stumbleupon.com,Male,191.65.154.173
601,Micki,Shimwall,mshimwallgo@nifty.com,Female,59.115.245.218
602,Cosette,Iozefovich,ciozefovichgp@joomla.org,Female,116.3.108.72
603,Cyrus,Bloschke,cbloschkegq@fc2.com,Male,177.14.23.36
604,Heall,Gerhts,hgerhtsgr@omniture.com,Male,229.210.156.79
605,Tuckie,Weine,tweinegs@chicagotribune.com,Male,237.140.227.205
606,Pattie,Killik,pkillikgt@tamu.edu,Female,114.192.255.235
607,Stevena,Landers,slandersgu@multiply.com,Female,167.12.64.227
608,Bertie,Buche,bbuchegv@tumblr.com,Female,140.37.194.20
609,Emmalynn,Woodwind,ewoodwindgw@auda.org.au,Female,143.103.192.111
610,Benedicto,Macy,bmacygx@wordpress.org,Male,38.130.120.67
611,Delaney,Caso,dcasogy@xrea.com,Male,106.62.231.21
612,Page,Paniman,ppanimangz@shareasale.com,Female,84.231.62.59
613,Duke,Kanwell,dkanwellh0@marriott.com,Male,2.42.249.193
614,Haley,Sells,hsellsh1@com.com,Female,92.94.130.181
615,Emilie,Audsley,eaudsleyh2@chronoengine.com,Female,119.102.246.129
616,Geralda,Prestie,gprestieh3@epa.gov,Female,188.158.37.6
617,Charla,Dumsday,cdumsdayh4@tiny.cc,Female,15.172.86.91
618,Hattie,Sandyfirth,hsandyfirthh5@arizona.edu,Female,211.198.11.3
619,Sibeal,McAlester,smcalesterh6@imgur.com,Female,18.105.20.160
620,Deeyn,Goodluck,dgoodluckh7@smh.com.au,Female,29.183.87.42
621,Edward,Livings,elivingsh8@angelfire.com,Male,149.170.133.208
622,Lyn,MacFayden,lmacfaydenh9@google.com.au,Female,169.165.240.233
623,Tybie,Lindell,tlindellha@themeforest.net,Female,69.139.244.63
624,Gertie,Fortescue,gfortescuehb@pinterest.com,Female,201.91.196.128
625,Simone,Mockler,smocklerhc@illinois.edu,Male,30.201.70.7
626,Romonda,Brittlebank,rbrittlebankhd@nytimes.com,Female,9.226.174.71
627,Harvey,Honniebal,hhonniebalhe@japanpost.jp,Male,46.48.150.118
628,Arni,McMylor,amcmylorhf@google.com,Male,188.176.126.56
629,Gavan,Rosenau,grosenauhg@dagondesign.com,Male,232.23.221.193
630,Melisse,Shortell,mshortellhh@technorati.com,Female,181.67.243.119
631,Pernell,Mafham,pmafhamhi@aol.com,Male,28.73.203.253
632,Gibb,Mixhel,gmixhelhj@bloglovin.com,Male,40.48.135.166
633,Kurtis,Jefferies,kjefferieshk@si.edu,Male,150.184.63.55
634,Emera,Kubacek,ekubacekhl@fastcompany.com,Female,255.93.63.142
635,Weylin,Beecroft,wbeecrofthm@alexa.com,Male,189.53.229.92
636,Claiborn,Aiskovitch,caiskovitchhn@purevolume.com,Male,15.51.18.173
637,Karin,Craigmile,kcraigmileho@de.vu,Female,170.177.114.94
638,Dillon,Spurgin,dspurginhp@alexa.com,Male,6.49.196.184
639,Darnell,Rafferty,draffertyhq@unesco.org,Male,116.57.70.36
640,Kassandra,Wearing,kwearinghr@nasa.gov,Female,120.36.248.254
641,Sophie,Bage,sbagehs@blogspot.com,Female,177.238.153.36
642,Deloris,Chastan,dchastanht@blogspot.com,Female,2.1.44.136
643,Bancroft,de Amaya,bdeamayahu@fotki.com,Male,65.142.87.121
644,Allix,Coote,acootehv@sciencedaily.com,Female,141.188.9.137
645,Josias,Pfertner,jpfertnerhw@japanpost.jp,Male,192.249.117.146
646,Elly,Dionisii,edionisiihx@is.gd,Female,175.90.249.138
647,Fabe,Greenrde,fgreenrdehy@t.co,Male,224.190.97.170
648,Niven,Shay,nshayhz@telegraph.co.uk,Male,144.246.120.136
649,Shelton,Elliot,sellioti0@freewebs.com,Male,143.12.175.121
650,Cosette,Gwatkin,cgwatkini1@wunderground.com,Female,209.190.134.117
651,Law,Mackerel,lmackereli2@mozilla.com,Male,237.183.49.234
652,Inigo,Langhorne,ilanghornei3@va.gov,Male,32.5.48.33
653,Radcliffe,Goad,rgoadi4@mlb.com,Male,78.110.149.18
654,Flo,Hannond,fhannondi5@salon.com,Female,213.0.102.66
655,Stacee,Bessant,sbessanti6@oracle.com,Female,232.81.70.171
656,Gamaliel,Heardman,gheardmani7@time.com,Male,169.38.53.244
657,Murdoch,Reddecliffe,mreddecliffei8@ifeng.com,Male,45.235.18.149
658,Livvy,Tomblett,ltombletti9@trellian.com,Female,169.0.218.246
659,Lorita,Jurgensen,ljurgensenia@timesonline.co.uk,Female,244.65.18.142
660,Yehudi,Simmank,ysimmankib@booking.com,Male,56.79.28.249
661,Cindi,Van Der Vlies,cvandervliesic@mit.edu,Female,182.104.189.248
662,Iormina,Lehrahan,ilehrahanid@miitbeian.gov.cn,Female,221.61.222.67
663,Gennifer,Prazer,gprazerie@dropbox.com,Female,217.18.183.194
664,Glenda,Leasor,gleasorif@wordpress.org,Female,252.94.124.32
665,Maddi,Celloni,mcelloniig@epa.gov,Female,178.192.119.15
666,Gerti,Leadley,gleadleyih@plala.or.jp,Female,196.50.214.171
667,Lemmie,Sweetnam,lsweetnamii@tripadvisor.com,Male,34.139.181.169
668,Nickola,Raison,nraisonij@google.com,Male,250.149.232.170
669,Luciano,Beddow,lbeddowik@unicef.org,Male,133.98.239.201
670,Spencer,Nijs,snijsil@e-recht24.de,Male,212.119.134.104
671,Justinian,Turnor,jturnorim@mapquest.com,Male,153.185.167.83
672,Glynnis,Tante,gtantein@usnews.com,Female,155.138.253.216
673,Warren,Frow,wfrowio@dailymotion.com,Male,149.94.124.31
674,Land,Maddern,lmaddernip@drupal.org,Male,72.66.58.239
675,Daune,Fasler,dfasleriq@phpbb.com,Female,59.23.67.181
676,Karalynn,Ramshaw,kramshawir@webmd.com,Female,121.120.22.155
677,Manfred,Cleef,mcleefis@cafepress.com,Male,103.69.51.108
678,Papageno,Ferrarone,pferraroneit@soundcloud.com,Male,37.243.143.145
679,Novelia,Kenderdine,nkenderdineiu@marriott.com,Female,221.49.54.34
680,Nevins,Slamaker,nslamakeriv@ft.com,Male,207.240.0.129
681,Bernardina,Satterley,bsatterleyiw@tuttocitta.it,Female,76.133.137.221
682,Ruperto,Fance,rfanceix@umn.edu,Male,166.208.5.33
683,Ellerey,Kyncl,ekyncliy@twitpic.com,Male,212.221.233.227
684,Etheline,Pitone,epitoneiz@typepad.com,Female,13.11.243.214
685,Lucy,Hearl,lhearlj0@unesco.org,Female,248.141.247.54
686,Maure,Bellows,mbellowsj1@networkadvertising.org,Female,194.201.212.164
687,Konstantin,Kerswill,kkerswillj2@diigo.com,Male,127.134.121.250
688,Randie,Franklyn,rfranklynj3@shop-pro.jp,Male,238.214.32.159
689,Leupold,Follet,lfolletj4@google.co.uk,Male,58.5.75.41
690,Birk,Thornber,bthornberj5@163.com,Male,52.229.69.73
691,Mathilde,Selwyne,mselwynej6@ibm.com,Female,29.118.136.82
692,Sawyere,Dunican,sdunicanj7@redcross.org,Male,255.172.72.78
693,Tyne,Sleaford,tsleafordj8@google.com.br,Female,41.145.44.248
694,Mal,Cestard,mcestardj9@rediff.com,Male,98.239.255.53
695,Raimund,Cutbirth,rcutbirthja@oracle.com,Male,70.214.171.210
696,Ken,Ellacott,kellacottjb@hibu.com,Male,227.163.54.133
697,Ada,Gaynsford,agaynsfordjc@prweb.com,Female,243.57.79.55
698,Cherrita,Molan,cmolanjd@twitpic.com,Female,247.100.169.127
699,Garland,Sedgwick,gsedgwickje@free.fr,Female,53.190.154.0
700,Ced,Sachno,csachnojf@engadget.com,Male,25.229.243.105
701,Ambros,Wasielewski,awasielewskijg@dailymotion.com,Male,145.120.176.129
702,Washington,Loude,wloudejh@liveinternet.ru,Male,89.79.125.137
703,Aeriell,Shingler,ashinglerji@google.nl,Female,92.182.129.224
704,Romona,Firks,rfirksjj@stanford.edu,Female,36.147.76.70
705,Stacia,McAtamney,smcatamneyjk@dell.com,Female,59.97.220.174
706,Jaquelin,Field,jfieldjl@zimbio.com,Female,8.243.161.247
707,Di,Eliet,delietjm@sourceforge.net,Female,21.243.91.140
708,Lian,Joncic,ljoncicjn@businessinsider.com,Female,184.126.216.152
709,Evangelia,Gales,egalesjo@google.es,Female,73.33.188.30
710,Ninette,Foulstone,nfoulstonejp@yellowbook.com,Female,148.19.180.171
711,Laurice,Woodham,lwoodhamjq@yahoo.com,Female,54.219.172.41
712,Dunn,Libermore,dlibermorejr@miibeian.gov.cn,Male,118.199.53.125
713,Pavla,Spadazzi,pspadazzijs@weebly.com,Female,110.137.185.55
714,Nikolia,Cassam,ncassamjt@msu.edu,Female,180.254.158.47
715,Kelsey,Tiley,ktileyju@who.int,Male,132.15.219.64
716,Eustacia,Durham,edurhamjv@twitpic.com,Female,202.145.108.184
717,Pietrek,Brimming,pbrimmingjw@indiegogo.com,Male,58.191.107.53
718,Hersh,Bolding,hboldingjx@tinyurl.com,Male,142.137.50.248
719,Isadore,Kohneke,ikohnekejy@ed.gov,Male,149.186.56.234
720,Hank,Wantling,hwantlingjz@fc2.com,Male,103.14.176.158
721,Corene,Sagg,csaggk0@behance.net,Female,233.203.7.18
722,Joelly,Hovert,jhovertk1@state.gov,Female,143.249.145.208
723,Allen,Jammet,ajammetk2@github.com,Male,161.132.194.60
724,Itch,Lewis,ilewisk3@cyberchimps.com,Male,44.145.134.46
725,Giovanna,Holston,gholstonk4@ucoz.com,Female,176.196.212.229
726,Bartholomew,Stollenbeck,bstollenbeckk5@e-recht24.de,Male,90.226.150.243
727,Anissa,Acome,aacomek6@cmu.edu,Female,31.220.36.8
728,Lem,Van T'Hoog,lvanthoogk7@wikia.com,Male,128.147.225.138
729,Beniamino,Triggs,btriggsk8@cam.ac.uk,Male,2.179.230.20
730,Grace,O'Criane,gocrianek9@patch.com,Female,191.191.155.0
731,Conrad,Moule,cmouleka@telegraph.co.uk,Male,31.56.131.170
732,Mendie,Bartod,mbartodkb@dell.com,Male,18.139.176.73
733,Goddart,Yeeles,gyeeleskc@vistaprint.com,Male,43.68.2.162
734,Benedick,Piscopiello,bpiscopiellokd@forbes.com,Male,162.231.129.44
735,Stanwood,Sallier,ssallierke@1688.com,Male,175.88.28.38
736,Alverta,Legen,alegenkf@moonfruit.com,Female,243.16.17.116
737,Manny,Lauderdale,mlauderdalekg@typepad.com,Male,40.8.191.183
738,Sallyanne,Shernock,sshernockkh@ameblo.jp,Female,65.207.162.44
739,Hamnet,Bernardoni,hbernardoniki@army.mil,Male,30.5.218.11
740,Sisile,Hagstone,shagstonekj@weibo.com,Female,22.121.145.36
741,Tanya,Huitt,thuittkk@webs.com,Female,137.151.202.197
742,Ursala,Bloomer,ubloomerkl@google.com.br,Female,190.96.76.25
743,Leoline,De Andreis,ldeandreiskm@telegraph.co.uk,Female,116.123.16.48
744,Kristofer,Han,khankn@amazon.de,Male,153.152.89.220
745,Arthur,Weatherby,aweatherbyko@pen.io,Male,78.208.230.254
746,Ahmed,Stanger,astangerkp@hp.com,Male,197.92.126.120
747,Vern,Derr,vderrkq@github.io,Male,255.225.7.12
748,Lina,Taree,ltareekr@cbsnews.com,Female,120.179.141.148
749,Hoyt,Dawidowsky,hdawidowskyks@wikimedia.org,Male,124.21.243.156
750,Raimund,Bibey,rbibeykt@fema.gov,Male,100.17.110.163
751,Colleen,Hiddsley,chiddsleyku@ocn.ne.jp,Female,90.182.142.70
752,Vanda,Hannibal,vhannibalkv@mapquest.com,Female,101.21.159.160
753,Dino,Seekings,dseekingskw@state.gov,Male,77.200.152.98
754,Pattin,Goffe,pgoffekx@nytimes.com,Male,158.236.227.129
755,Jarred,Whysall,jwhysallky@spotify.com,Male,161.53.32.122
756,Daria,Frizzell,dfrizzellkz@economist.com,Female,242.29.150.190
757,Tedman,Yeates,tyeatesl0@webnode.com,Male,85.143.32.135
758,Phylis,Artist,partistl1@census.gov,Female,100.234.255.237
759,Josey,Johnston,jjohnstonl2@1und1.de,Female,228.115.127.156
760,Deni,Monier,dmonierl3@networksolutions.com,Female,91.41.30.152
761,Aridatha,Rodenhurst,arodenhurstl4@mapy.cz,Female,124.1.220.233
762,Horatia,Dullingham,hdullinghaml5@businesswire.com,Female,155.223.250.88
763,Nathalie,Bundock,nbundockl6@studiopress.com,Female,207.41.242.137
764,Rolando,Clother,rclotherl7@washington.edu,Male,9.236.196.101
765,Rose,Itzhaiek,ritzhaiekl8@mozilla.org,Female,43.148.213.50
766,Marley,Bemrose,mbemrosel9@prlog.org,Female,133.233.61.253
767,Lettie,Stert,lstertla@soundcloud.com,Female,230.39.43.148
768,Kingsley,Greenhalf,kgreenhalflb@blogs.com,Male,128.122.218.93
769,Mead,Wadmore,mwadmorelc@lulu.com,Female,86.208.161.224
770,Stirling,Couttes,scouttesld@goo.gl,Male,209.112.204.226
771,Alexi,Gabbidon,agabbidonle@flavors.me,Female,216.13.172.111
772,Manya,MacGoun,mmacgounlf@edublogs.org,Female,36.242.48.156
773,Antoni,Gossington,agossingtonlg@timesonline.co.uk,Male,59.161.193.51
774,Herminia,Jolly,hjollylh@webnode.com,Female,157.89.19.50
775,Any,Olfert,aolfertli@va.gov,Male,221.57.126.29
776,Roxanna,Meriel,rmeriellj@geocities.jp,Female,77.35.31.251
777,Noel,Esp,nesplk@slashdot.org,Female,244.96.22.1
778,Daffie,Cana,dcanall@goodreads.com,Female,183.144.71.22
779,Quintilla,Buye,qbuyelm@hubpages.com,Female,162.180.75.180
780,Arnuad,Harries,aharriesln@fotki.com,Male,52.144.184.77
781,Dorelle,Pharaoh,dpharaohlo@spotify.com,Female,142.38.96.45
782,Niccolo,Desforges,ndesforgeslp@e-recht24.de,Male,211.78.69.89
783,Chad,Conkie,cconkielq@washingtonpost.com,Female,181.108.33.252
784,Bat,Girodon,bgirodonlr@irs.gov,Male,104.195.141.37
785,Karlens,Stockall,kstockallls@ocn.ne.jp,Male,131.8.205.37
786,Zeb,Gideon,zgideonlt@google.co.uk,Male,129.47.31.92
787,Daphna,Alcide,dalcidelu@tinyurl.com,Female,71.92.160.142
788,Bev,Shoutt,bshouttlv@nps.gov,Male,146.117.68.233
789,Sofia,Poad,spoadlw@deliciousdays.com,Female,126.190.46.96
790,Gregg,Hefferon,ghefferonlx@eepurl.com,Male,4.221.73.133
791,Salomi,Wiggins,swigginsly@google.pl,Female,159.222.232.94
792,Hamilton,Rothwell,hrothwelllz@globo.com,Male,250.25.89.175
793,Sigmund,Beckenham,sbeckenhamm0@who.int,Male,157.90.52.14
794,Tammie,Monery,tmonerym1@wikipedia.org,Male,254.156.170.39
795,Iolande,Edwardes,iedwardesm2@eepurl.com,Female,121.23.89.1
796,Giuditta,Elcy,gelcym3@un.org,Female,220.116.195.40
797,Robin,Ronaldson,rronaldsonm4@facebook.com,Female,65.145.128.240
798,Jeanne,Piele,jpielem5@nyu.edu,Female,120.57.156.31
799,Shelbi,Manicomb,smanicombm6@oracle.com,Female,155.113.180.101
800,Wilma,Sucre,wsucrem7@upenn.edu,Female,57.30.53.141
801,Genevieve,Gorbell,ggorbellm8@google.co.uk,Female,96.254.195.107
802,Phyllys,Godard,pgodardm9@mlb.com,Female,58.226.99.30
803,Britt,Floyde,bfloydema@un.org,Female,224.109.56.103
804,Nada,Parlor,nparlormb@jigsy.com,Female,159.233.232.114
805,Monte,Ranking,mrankingmc@toplist.cz,Male,21.168.247.124
806,Paloma,Basant,pbasantmd@mit.edu,Female,26.61.61.41
807,Desmund,Abbiss,dabbissme@booking.com,Male,222.111.214.52
808,Phillipp,Ferrotti,pferrottimf@pen.io,Male,192.54.16.244
809,Edd,Parrin,eparrinmg@google.com.au,Male,86.190.189.82
810,Nicko,Dullard,ndullardmh@multiply.com,Male,19.14.175.116
811,Chrisy,Liddall,cliddallmi@reference.com,Male,7.125.137.253
812,Conant,Calvert,ccalvertmj@youtu.be,Male,235.149.38.173
813,Maynord,Verillo,mverillomk@dyndns.org,Male,38.2.227.92
814,Elisabetta,Addis,eaddisml@gnu.org,Female,163.229.26.143
815,Missie,McKinnon,mmckinnonmm@printfriendly.com,Female,48.159.171.182
816,Kakalina,Harme,kharmemn@bravesites.com,Female,115.67.125.219
817,Issi,Wardley,iwardleymo@twitpic.com,Female,140.219.35.249
818,Harli,Beresford,hberesfordmp@shop-pro.jp,Female,203.25.225.221
819,Kory,Sawle,ksawlemq@ed.gov,Male,22.85.129.141
820,Selena,Mills,smillsmr@rambler.ru,Female,63.223.34.203
821,Celinda,York,cyorkms@amazon.co.uk,Female,152.123.104.221
822,Sonnnie,Huddlestone,shuddlestonemt@lycos.com,Female,71.27.67.235
823,Yolande,D'Antonio,ydantoniomu@nytimes.com,Female,102.215.90.193
824,Yoshiko,Backman,ybackmanmv@apache.org,Female,237.45.57.91
825,Giulio,Brimblecomb,gbrimblecombmw@geocities.com,Male,82.234.145.101
826,Mycah,Trenchard,mtrenchardmx@spiegel.de,Male,72.178.178.43
827,Anny,Casaro,acasaromy@squarespace.com,Female,156.158.142.244
828,Lilias,Youel,lyouelmz@mozilla.org,Female,185.79.25.53
829,Annie,Tungate,atungaten0@paginegialle.it,Female,2.167.76.32
830,Shanon,Barrat,sbarratn1@ftc.gov,Female,136.30.65.141
831,Gareth,Bohlje,gbohljen2@bloomberg.com,Male,77.167.1.161
832,Archie,Czajkowski,aczajkowskin3@whitehouse.gov,Male,58.72.219.30
833,Barbara,McIlhone,bmcilhonen4@spotify.com,Female,117.34.102.217
834,Leora,Snoxall,lsnoxalln5@miibeian.gov.cn,Female,246.131.55.237
835,Harriette,Wheater,hwheatern6@uiuc.edu,Female,150.190.47.151
836,Kerk,Hovington,khovingtonn7@bloglines.com,Male,3.31.5.57
837,Sandy,Alyoshin,salyoshinn8@multiply.com,Male,8.145.246.181
838,Markos,Rahl,mrahln9@yellowpages.com,Male,170.178.51.24
839,Judas,Duplock,jduplockna@usgs.gov,Male,187.63.226.80
840,Etienne,Haliburn,ehaliburnnb@newsvine.com,Male,118.143.240.198
841,Nancey,Berridge,nberridgenc@nsw.gov.au,Female,205.115.196.191
842,Siouxie,Beake,sbeakend@cbslocal.com,Female,73.137.146.116
843,Brittan,Tossell,btossellne@woothemes.com,Female,50.150.100.92
844,Reggi,Turban,rturbannf@geocities.jp,Female,247.22.154.150
845,Phyllis,Postans,ppostansng@state.tx.us,Female,129.182.40.174
846,Zacherie,Carrol,zcarrolnh@usatoday.com,Male,23.250.135.173
847,Hazel,McCoughan,hmccoughanni@yahoo.co.jp,Female,24.240.251.50
848,Judas,Vannacci,jvannaccinj@google.cn,Male,248.77.92.140
849,Benetta,Hanne,bhannenk@unblog.fr,Female,58.26.216.201
850,Jessi,Leete,jleetenl@ft.com,Female,47.151.236.213
851,Gilberta,Capron,gcapronnm@studiopress.com,Female,15.191.121.70
852,Neale,Pettendrich,npettendrichnn@nifty.com,Male,207.64.159.78
853,Leesa,Everingham,leveringhamno@oaic.gov.au,Female,216.21.16.92
854,Dede,Ayscough,dayscoughnp@drupal.org,Female,22.66.235.163
855,Dell,Ullrich,dullrichnq@cyberchimps.com,Female,73.96.104.157
856,Shaw,Hasley,shasleynr@alibaba.com,Male,144.95.248.40
857,Enoch,Soles,esolesns@google.com.au,Male,223.183.208.59
858,Yoko,Carcas,ycarcasnt@answers.com,Female,130.21.221.3
859,Kare,De Blasi,kdeblasinu@cisco.com,Female,107.77.131.226
860,Brendin,Bromby,bbrombynv@biglobe.ne.jp,Male,89.8.58.7
861,Milt,Gonsalvez,mgonsalveznw@latimes.com,Male,86.245.168.7
862,Gloriane,O'Day,godaynx@studiopress.com,Female,159.46.100.252
863,Broderick,D'Ugo,bdugony@walmart.com,Male,125.31.240.154
864,Lucien,Langrish,llangrishnz@earthlink.net,Male,161.69.73.89
865,Letty,Witcombe,lwitcombeo0@multiply.com,Female,56.117.89.44
866,Beth,Lackie,blackieo1@va.gov,Female,214.195.202.198
867,Brandy,Drewell,bdrewello2@guardian.co.uk,Female,208.200.211.139
868,Margo,Mathiasen,mmathiaseno3@people.com.cn,Female,70.99.66.1
869,Ardeen,Cordaroy,acordaroyo4@blogs.com,Female,55.31.170.103
870,Saundra,Bowerman,sbowermano5@noaa.gov,Female,147.198.60.243
871,Ashien,Madeley,amadeleyo6@artisteer.com,Female,207.182.232.129
872,Denni,Snoddy,dsnoddyo7@yahoo.co.jp,Female,181.105.123.68
873,Bogey,Perree,bperreeo8@4shared.com,Male,232.75.93.32
874,Hyman,Makepeace,hmakepeaceo9@nhs.uk,Male,193.238.159.31
875,Patty,Krugmann,pkrugmannoa@people.com.cn,Male,87.1.33.144
876,Sonnnie,Oyley,soyleyob@booking.com,Female,158.217.163.45
877,Rockwell,Brugemann,rbrugemannoc@netvibes.com,Male,227.11.76.146
878,Gibb,Toman,gtomanod@nymag.com,Male,134.200.160.123
879,Aland,Lawling,alawlingoe@google.es,Male,193.151.162.9
880,Willow,Fairlem,wfairlemof@yellowpages.com,Female,137.150.233.165
881,Ralina,Felix,rfelixog@sphinn.com,Female,169.125.78.54
882,Haven,McGonigal,hmcgonigaloh@pcworld.com,Male,212.42.181.95
883,Frederico,Cornilleau,fcornilleauoi@shutterfly.com,Male,203.225.235.169
884,Baillie,Mandrier,bmandrieroj@ft.com,Male,43.193.249.202
885,Falito,Nasey,fnaseyok@behance.net,Male,41.9.224.186
886,Thorndike,Gorman,tgormanol@eepurl.com,Male,235.60.220.229
887,Egor,Ethelstone,eethelstoneom@samsung.com,Male,255.128.214.94
888,Moe,Barajas,mbarajason@comcast.net,Male,54.79.39.67
889,Dulcea,Davidovich,ddavidovichoo@umich.edu,Female,133.225.102.217
890,Dalston,Pergens,dpergensop@telegraph.co.uk,Male,209.37.110.170
891,Darrel,Tyne,dtyneoq@toplist.cz,Male,234.3.194.141
892,Kristel,Brackstone,kbrackstoneor@newsvine.com,Female,122.84.91.100
893,Dusty,McClurg,dmcclurgos@aol.com,Female,134.85.253.182
894,Bryana,Sowerby,bsowerbyot@cbslocal.com,Female,252.10.43.122
895,Portie,Phalip,pphalipou@xing.com,Male,131.40.51.247
896,Jillene,Bonnett,jbonnettov@gov.uk,Female,163.224.241.82
897,Sherline,Glover,sgloverow@illinois.edu,Female,228.12.163.95
898,Paten,McFayden,pmcfaydenox@dion.ne.jp,Male,214.87.66.21
899,Daffie,Golson,dgolsonoy@sina.com.cn,Female,172.10.22.42
900,Kelley,Tuhy,ktuhyoz@scientificamerican.com,Male,2.202.120.42
901,Rose,Heggs,rheggsp0@vimeo.com,Female,183.110.126.159
902,Hertha,Grady,hgradyp1@exblog.jp,Female,121.120.41.57
903,Dreddy,Dudderidge,ddudderidgep2@ehow.com,Female,24.112.251.201
904,Eldridge,Beckenham,ebeckenhamp3@ftc.gov,Male,61.189.52.132
905,Lelia,Willmetts,lwillmettsp4@livejournal.com,Female,108.130.221.67
906,Gunter,Varvell,gvarvellp5@hubpages.com,Male,242.149.23.153
907,Toinette,Chalkly,tchalklyp6@ftc.gov,Female,148.184.253.90
908,Gasparo,Seakin,gseakinp7@booking.com,Male,42.210.223.67
909,Edmund,Henri,ehenrip8@shinystat.com,Male,125.83.253.126
910,Shurlock,Raoul,sraoulp9@salon.com,Male,43.117.171.214
911,Meryl,Skellen,mskellenpa@google.com.br,Female,95.132.9.27
912,Martainn,Alven,malvenpb@blinklist.com,Male,17.74.121.107
913,Pauli,Oxbrow,poxbrowpc@naver.com,Female,71.128.111.11
914,Waldo,Hicks,whickspd@rakuten.co.jp,Male,196.64.212.76
915,Jourdain,Knok,jknokpe@artisteer.com,Male,214.118.248.186
916,Koral,Hammerberg,khammerbergpf@ed.gov,Female,188.183.87.3
917,Ritchie,Wear,rwearpg@digg.com,Male,63.110.177.33
918,Nanete,Ching,nchingph@mysql.com,Female,90.92.193.130
919,Nanny,Neilus,nneiluspi@zdnet.com,Female,98.123.26.25
920,Katey,Rogez,krogezpj@surveymonkey.com,Female,254.219.13.125
921,Mayor,Gayter,mgayterpk@tinyurl.com,Male,249.62.160.180
922,Samson,Blinman,sblinmanpl@latimes.com,Male,142.175.217.80
923,Aristotle,Warsap,awarsappm@unicef.org,Male,245.233.42.167
924,Martin,Baroc,mbarocpn@epa.gov,Male,39.78.233.21
925,Fritz,Phizacklea,fphizackleapo@cpanel.net,Male,13.222.253.120
926,Dolf,Morit,dmoritpp@indiegogo.com,Male,244.143.205.92
927,Gib,Dubery,gduberypq@ning.com,Male,93.103.78.103
928,Murdock,Greder,mgrederpr@microsoft.com,Male,9.208.202.129
929,Sapphira,Yuranovev,syuranovevps@nba.com,Female,15.127.254.139
930,Sandy,Grichukhanov,sgrichukhanovpt@nih.gov,Female,213.149.71.224
931,Ragnar,Gladdis,rgladdispu@unesco.org,Male,176.88.203.198
932,Barb,Arbuckle,barbucklepv@vistaprint.com,Female,137.40.57.48
933,Cozmo,Penas,cpenaspw@cbslocal.com,Male,156.134.64.6
934,Reynard,Nower,rnowerpx@sphinn.com,Male,210.237.187.251
935,Devonne,Muttitt,dmuttittpy@tinypic.com,Female,248.109.234.123
936,Kameko,Crowley,kcrowleypz@networksolutions.com,Female,93.119.144.184
937,Zulema,Ingarfield,zingarfieldq0@ocn.ne.jp,Female,191.246.239.147
938,Nell,MacTrustrie,nmactrustrieq1@about.me,Female,248.85.148.230
939,Jobina,McTeer,jmcteerq2@admin.ch,Female,11.149.98.209
940,Claudetta,Comport,ccomportq3@icq.com,Female,27.42.233.242
941,Isac,Kordova,ikordovaq4@google.com,Male,53.54.87.96
942,Liesa,Corradi,lcorradiq5@shutterfly.com,Female,190.189.28.27
943,Marwin,Larman,mlarmanq6@twitpic.com,Male,83.53.87.201
944,Pearce,Denzey,pdenzeyq7@aboutads.info,Male,136.219.7.235
945,Beatriz,Fishley,bfishleyq8@mozilla.org,Female,188.197.208.197
946,Garv,Abrahamsen,gabrahamsenq9@economist.com,Male,94.131.194.130
947,Jehu,Larrett,jlarrettqa@cocolog-nifty.com,Male,65.135.108.46
948,Flem,Haimes,fhaimesqb@unblog.fr,Male,220.166.205.15
949,Bernelle,Tassell,btassellqc@posterous.com,Female,175.135.134.203
950,Frasco,Cowie,fcowieqd@netlog.com,Male,230.56.6.176
951,Rutter,Vasyutin,rvasyutinqe@privacy.gov.au,Male,187.235.45.150
952,Heath,Eshelby,heshelbyqf@ted.com,Male,103.193.11.163
953,Nicolea,Cisland,ncislandqg@hubpages.com,Female,116.181.152.103
954,Flore,Tunna,ftunnaqh@yellowbook.com,Female,58.47.133.29
955,Juditha,Swatheridge,jswatheridgeqi@amazonaws.com,Female,208.76.186.189
956,Cordy,Tye,ctyeqj@instagram.com,Male,146.30.173.42
957,Rhianon,Saffell,rsaffellqk@about.me,Female,111.116.13.199
958,Starla,Sharrem,ssharremql@mashable.com,Female,190.233.221.139
959,Kamillah,Weathers,kweathersqm@wiley.com,Female,141.38.118.51
960,Horacio,Rodda,hroddaqn@surveymonkey.com,Male,196.225.111.248
961,Lemar,Lipscomb,llipscombqo@nymag.com,Male,79.204.237.85
962,Fannie,Sheron,fsheronqp@tumblr.com,Female,87.158.17.226
963,Corena,Warn,cwarnqq@indiatimes.com,Female,237.86.234.64
964,Lorrin,Iacovucci,liacovucciqr@dot.gov,Female,55.28.94.240
965,Joycelin,Moylane,jmoylaneqs@jigsy.com,Female,9.17.164.244
966,Neville,Streight,nstreightqt@google.it,Male,115.114.46.6
967,Sean,Kaplan,skaplanqu@yahoo.com,Male,190.86.196.208
968,Tyrone,Eisikowitch,teisikowitchqv@lycos.com,Male,76.223.185.134
969,Kelvin,Doumerque,kdoumerqueqw@cocolog-nifty.com,Male,255.126.27.213
970,Allison,Gunderson,agundersonqx@ucoz.com,Female,90.200.221.227
971,Barthel,Ohlsen,bohlsenqy@state.gov,Male,66.150.151.33
972,Pierre,Winfred,pwinfredqz@zimbio.com,Male,33.158.134.238
973,Valera,Hegden,vhegdenr0@smugmug.com,Female,145.39.38.119
974,Alyssa,Yanyushkin,ayanyushkinr1@csmonitor.com,Female,198.252.250.66
975,Berry,Scarffe,bscarffer2@imdb.com,Female,61.23.54.77
976,Katee,Embury,kemburyr3@examiner.com,Female,93.117.72.202
977,Clyve,Jedrys,cjedrysr4@va.gov,Male,124.244.106.70
978,Shellie,Brend,sbrendr5@istockphoto.com,Female,145.28.130.106
979,Hilton,Claire,hclairer6@netlog.com,Male,48.14.45.159
980,Adrian,Brettle,abrettler7@soundcloud.com,Male,49.80.139.46
981,Sheridan,Rosendale,srosendaler8@bandcamp.com,Male,83.134.50.110
982,Betta,O' Quirk,boquirkr9@dagondesign.com,Female,92.250.212.126
983,Trudie,Shieldon,tshieldonra@senate.gov,Female,151.15.238.221
984,Vic,Overstreet,voverstreetrb@dropbox.com,Male,241.27.72.33
985,Lanae,Crayke,lcraykerc@ucoz.com,Female,216.119.89.83
986,Tomasina,Cunniam,tcunniamrd@hhs.gov,Female,116.15.66.104
987,Derby,Dash,ddashre@spotify.com,Male,249.175.234.96
988,Hy,Oakman,hoakmanrf@google.ca,Male,124.210.28.107
989,John,Tobias,jtobiasrg@meetup.com,Male,40.254.250.160
990,Christopher,Milkin,cmilkinrh@bing.com,Male,209.101.45.1
991,Mannie,Hussy,mhussyri@bloglines.com,Male,107.36.214.52
992,Martha,Saltwell,msaltwellrj@geocities.com,Female,71.215.198.254
993,Debi,Trewett,dtrewettrk@addthis.com,Female,45.208.90.215
994,Isac,Cherrison,icherrisonrl@google.de,Male,75.224.20.63
995,Culver,Pirkis,cpirkisrm@comsenz.com,Male,151.205.28.170
996,Giacobo,Bitchener,gbitchenerrn@technorati.com,Male,233.82.215.182
997,Bram,Spoor,bspoorro@ucoz.ru,Male,42.46.24.202
998,Felike,Avramovsky,favramovskyrp@ask.com,Male,228.5.59.167
999,Clemence,Aprahamian,caprahamianrq@dyndns.org,Female,188.122.180.149
1000,Torrie,De Paepe,tdepaeperr@yelp.com,Female,141.130.233.150
